{"cameraMode":{"drawMode":0,"name":"Shaded","section":"Shading Mode"},"sceneLighting":true,"audioPlay":false,"sceneViewState":{"m_AlwaysRefresh":false,"showFog":true,"showSkybox":true,"showFlares":true,"showImageEffects":true,"showParticleSystems":true,"showVisualEffectGraphs":true,"m_FxEnabled":true},"in2DMode":false,"pivot":{"x":629.0367431640625,"y":345.2784729003906,"z":497.9197998046875},"rotation":{"x":0.016189416870474817,"y":-0.006902550347149372,"z":0.00002548878183006309,"w":-0.9997218251228333},"size":694.11474609375,"orthographic":false}