{"cameraMode":{"drawMode":0,"name":"Shaded","section":"Shading Mode"},"sceneLighting":true,"audioPlay":false,"sceneViewState":{"m_AlwaysRefresh":false,"showFog":true,"showSkybox":true,"showFlares":true,"showImageEffects":true,"showParticleSystems":true,"showVisualEffectGraphs":true,"m_FxEnabled":true},"in2DMode":false,"pivot":{"x":2.6994919776916506,"y":-3.794086456298828,"z":27.700439453125},"rotation":{"x":-0.06019327789545059,"y":-0.04878772795200348,"z":0.0029741001781076195,"w":-0.9969053268432617},"size":26.252811431884767,"orthographic":false}